"","random_RMSE","random_Rsquared","kNNDM_RMSE","kNNDM_Rsquared","AOA","impfeat"
"1",2.49988308391565,0.511689239891707,3.08677279285024,0.265768285597828,0.940006364731332,61.3080009135187
