"","random_RMSE","random_Rsquared","kNNDM_RMSE","kNNDM_Rsquared","AOA","impfeat"
"1",2.57328859790901,0.484522795014444,3.01920925680491,0.294312317392209,0.993969618478668,100
