"","random_RMSE","random_Rsquared","kNNDM_RMSE","kNNDM_Rsquared","AOA","impfeat"
"1",2.64613475379607,0.45324559775245,3.6791211567279,0.0293925615376196,0.802417658931795,9.15569094403207
