"","random_RMSE_mean","random_Rsquared_mean","random_RMSE_sd","random_Rsquared_sd","kNNDM_RMSE","kNNDM_Rsquared","AOA","impfeat"
"1",3.59557112344171,0.13325901716197,1.03205338322689,0.177005191179372,3.76321835356736,0.0234818350085145,0.984643619686594,100
