"","random_RMSE","random_Rsquared","kNNDM_RMSE","kNNDM_Rsquared","AOA","impfeat"
"1",2.74169461092899,0.413602147042027,3.65600565946243,0.0269266851837852,0.888629517011553,21.5500100396014
