"","random_RMSE","random_Rsquared","kNNDM_RMSE","kNNDM_Rsquared","AOA","impfeat"
"1",2.71973966168849,0.425967740949882,3.91515699257009,0.00719806826277298,0.806229083949956,4.97936546282811
