"","random_RMSE","random_Rsquared","kNNDM_RMSE","kNNDM_Rsquared","AOA","impfeat"
"1",2.471652989763,0.523411109008326,2.95588985114901,0.323958992691956,0.953605942564342,76.8530137895532
