"","random_RMSE","random_Rsquared","kNNDM_RMSE","kNNDM_Rsquared","AOA","impfeat"
"1",3.66976036265234,0.0628193635723847,3.78467315386696,0.0195126327513409,0.984643619686594,100
