"","random_RMSE_mean","random_Rsquared_mean","random_RMSE_sd","random_Rsquared_sd","kNNDM_RMSE","kNNDM_Rsquared","AOA","impfeat"
"1",2.50337713805723,0.464955065730859,0.510383812589943,0.224131507279394,3.00350242194727,0.300170905638886,0.993542617515902,100
