"","random_RMSE","random_Rsquared","kNNDM_RMSE","kNNDM_Rsquared","AOA","impfeat"
"1",2.4613399446812,0.527327460054549,3.22342331967047,0.214657454231016,0.913463823753338,53.114629242196
