"","random_RMSE_mean","random_Rsquared_mean","random_RMSE_sd","random_Rsquared_sd","kNNDM_RMSE","kNNDM_Rsquared","AOA","impfeat"
"1",0.810186492379178,0.922830182593109,0.205802075791301,0.0356472895142805,0.81754240804394,0.917535267343647,0.927486927867611,100
