"","random_RMSE","random_Rsquared","kNNDM_RMSE","kNNDM_Rsquared","AOA","impfeat"
"1",2.04338321318812,0.493735842434723,2.01299959257971,0.50958940150695,0.915329305135952,100
