"","random_RMSE","random_Rsquared","kNNDM_RMSE","kNNDM_Rsquared","AOA","impfeat"
"1",0.813904867650903,0.920081614109345,0.797766238828058,0.922578509814421,0.933259613757765,80.672869411036
