"","random_RMSE","random_Rsquared","kNNDM_RMSE","kNNDM_Rsquared","AOA","impfeat"
"1",0.966277226346064,0.883058334028013,0.91321934718691,0.896036960341393,0.939907351460222,49.3153402530887
