"","random_RMSE","random_Rsquared","kNNDM_RMSE","kNNDM_Rsquared","AOA","impfeat"
"1",0.868384080051531,0.907191363821295,0.868358069824435,0.906394652673022,0.951075177853512,77.7107189301481
