"","random_RMSE","random_Rsquared","kNNDM_RMSE","kNNDM_Rsquared","AOA","impfeat"
"1",1.06797989961097,0.860421457528532,1.0315100628745,0.869968532473753,0.920932527693857,34.2237546526003
