"","random_RMSE","random_Rsquared","kNNDM_RMSE","kNNDM_Rsquared","AOA","impfeat"
"1",0.8420078651951,0.912554245048663,0.814876586830715,0.918379084577617,0.93017789379547,100
