"","random_RMSE_mean","random_Rsquared_mean","random_RMSE_sd","random_Rsquared_sd","kNNDM_RMSE","kNNDM_Rsquared","AOA","impfeat"
"1",0.846509630092835,0.916136422776382,0.234846999979343,0.0387852587316095,0.862648633100473,0.908466123024728,0.930852649473489,70.3471131138766
