"","random_RMSE","random_Rsquared","kNNDM_RMSE","kNNDM_Rsquared","AOA","impfeat"
"1",0.831652803523997,0.915528325512438,0.817194304610399,0.91783661033553,0.945596564587211,79.3062372071895
