"","random_RMSE","random_Rsquared","kNNDM_RMSE","kNNDM_Rsquared","AOA","impfeat"
"1",0.971951742051345,0.882151731639387,0.922539539989061,0.894251379305488,0.927254783484391,49.4684084580723
